k,accuracy,precision,recall,f1_score,roc_auc,fpr,specificity,tp,fp,tn,fn,detections
1.0,0.6709801918383563,0.2329981476581106,1.0,0.3779375469470973,0.8172215916256779,0.3655568167486442,0.6344431832513557,3522,11594,20122,0,15116
1.5,0.8099494863499631,0.344652118602603,1.0,0.5126264464012809,0.8944223735653929,0.21115525286921427,0.7888447471307857,3522,6697,25019,0,10219
2.0,0.900476758045292,0.5010670081092616,1.0,0.6676144441285187,0.944712447975785,0.11057510404842981,0.8894248959515701,3522,3507,28209,0,7029
2.5,0.9466201260003405,0.6518600777345919,1.0,0.7892436974789916,0.9703461975028377,0.05930760499432463,0.9406923950056754,3522,1881,29835,0,5403
3.0,0.9381065894772689,0.6985490079952621,0.6697898921067575,0.6838672271343673,0.8188462640001565,0.0320973641064447,0.9679026358935553,2359,1018,30698,1163,3377
3.5,0.883336171178841,0.05580693815987934,0.010505394662123793,0.017682198327359618,0.49538386141228274,0.01973767183755833,0.9802623281624416,37,626,31090,3485,663
4.0,0.8892672682899143,0.05188679245283019,0.006246450880181715,0.011150532184490624,0.4967857301695649,0.012674990541051836,0.9873250094589482,22,402,31314,3500,424
