feature,mean,std,threshold
speed,1.0251471387033306,1.3256750665690185,4.339334805125876
altitude,0.7376654476636018,1.9063929722568274,5.503647878305671
direction,41.75810153310075,38.7694725546871,138.6817829198185
