metric,value
accuracy,0.9005335149554459
precision,0.5341365461847389
recall,0.037762634866553096
f1_score,0.07053831874834261
roc_auc,0.9696372732403832
