k,accuracy,precision,recall,f1_score,fpr,detections,tp,fp,tn,fn
1.5,0.7726430756987418,0.4029720611092157,0.9283032049602655,0.5619878403383558,0.25637310760214876,26379,10630,15749,45681,821
2.0,0.8459680849604149,0.5053584186711122,0.9265566326085058,0.6540097392590766,0.16905420804167345,20995,10610,10385,51045,841
2.5,0.8810526749084123,0.5773981749387936,0.9062090647105057,0.7053665499779085,0.12363665961256715,17972,10377,7595,53835,1074
3.0,0.8925371496000329,0.6139268400176289,0.8515413501004279,0.7134704031608985,0.09982093439687449,15883,9751,6132,55298,1700
3.5,0.8934838984097364,0.6223136110374105,0.819317090210462,0.7073547706110755,0.0926908676542406,15076,9382,5694,55736,2069
4.0,0.8957066999629533,0.6292813969106783,0.8182691467994062,0.7114384419725902,0.08985837538661892,14890,9370,5520,55910,2081
