severity,count,percentage
NORMAL,29835,84.6671207219479
DEVIATION,5154,14.626255746637154
ANOMALY,249,0.7066235314149498
PERSISTENT_ANOMALY,0,0.0
CRITICAL_ANOMALY,0,0.0
