feature,threshold
rms_speed,4.339334805125876
rms_altitude,5.503647878305671
rms_direction,138.6817829198185
